timestamp,satellite_id,sequence,temperature_c,battery_percent,altitude_km,velocity_km_s,signal_dbm
2026-09-29T22:59:49.915101,SAT-01,1,25.22,99.8,500.06,7.6,-69.07
2026-09-29T22:59:51.916844,SAT-01,2,25.11,99.6,499.94,7.6,-68.66
2026-09-29T22:59:53.919109,SAT-01,3,25.51,99.4,500.05,7.59,-68.21
2026-09-29T22:59:55.922066,SAT-01,4,25.6,99.2,500.06,7.59,-68.16
2026-09-29T22:59:57.936438,SAT-01,5,25.61,99.0,500.11,7.59,-68.6
2026-09-29T22:59:59.960569,SAT-01,6,25.45,98.8,500.11,7.6,-69.47
2026-09-29T23:00:03.965280,SAT-01,8,26.0,98.4,500.43,7.59,-70.45
2026-09-29T23:00:07.968322,SAT-01,10,26.16,98.0,500.47,7.59,-70.44
2026-09-29T23:00:11.975395,SAT-01,12,26.62,97.6,500.54,7.59,-70.47
2026-09-29T23:00:13.976504,SAT-01,13,26.46,97.4,500.37,7.59,-69.49
2026-09-29T23:00:17.978892,SAT-01,15,26.34,97.0,500.49,7.59,-70.94
2026-09-29T23:00:19.980844,SAT-01,16,26.75,96.8,500.6,7.59,-70.59
2026-09-29T23:00:21.983395,SAT-01,17,26.62,96.6,500.51,7.58,-71.11
2026-09-29T23:00:23.986075,SAT-01,18,26.42,96.4,500.37,7.58,-70.17
2026-09-29T23:00:25.987247,SAT-01,19,26.29,96.2,500.18,7.59,-69.8
2026-09-29T23:00:27.988231,SAT-01,20,26.7,96.0,500.35,7.58,-69.11
2026-09-29T23:00:31.990272,SAT-01,22,26.39,95.6,500.4,7.6,-68.73
2026-09-29T23:00:33.992665,SAT-01,23,26.09,95.4,500.43,7.6,-67.99
2026-09-29T23:00:35.995759,SAT-01,24,25.74,95.2,500.58,7.59,-68.58
2026-09-29T23:00:37.999940,SAT-01,25,25.64,95.0,500.73,7.59,-69.37
2026-09-29T23:00:40.004698,SAT-01,26,25.15,94.8,500.79,7.6,-69.26
2026-09-29T23:00:44.007645,SAT-01,28,25.01,94.4,500.79,7.59,-69.35
2026-09-29T23:00:46.009779,SAT-01,29,25.14,94.2,500.73,7.6,-69.47
2026-09-29T23:00:52.014336,SAT-01,32,25.52,93.6,500.56,7.6,-70.0
2026-09-29T23:00:54.016712,SAT-01,33,25.79,93.4,500.4,7.6,-69.11
2026-09-29T23:00:56.020071,SAT-01,34,25.52,93.2,500.5,7.6,-68.93
2026-09-29T23:00:58.023120,SAT-01,35,25.25,93.0,500.67,7.6,-69.23
2026-09-29T23:01:00.026458,SAT-01,36,24.77,92.8,500.76,7.6,-69.82
2026-09-29T23:01:02.028518,SAT-01,37,24.98,92.6,500.61,7.61,-69.37
2026-09-29T23:01:06.067851,SAT-01,39,24.39,92.2,500.68,7.62,-69.4
2026-09-29T23:01:08.072362,SAT-01,40,23.98,92.0,500.64,7.63,-69.42
2026-09-29T23:01:10.075516,SAT-01,41,23.66,91.8,500.66,7.62,-69.38
2026-09-29T23:01:12.077459,SAT-01,42,24.16,91.6,500.52,7.63,-68.5
